{"level":0,"myUnit":{"name":"lol","wish":"lol","age":0,"myColor":{"r":0.5259377360343933,"g":0.30320262908935549,"b":0.8204132914543152,"a":1.0},"weapon":{"myType":0,"name":"weapon"}}}